dept_no,emp_no,first_name,last_name,dept_name
d007,10095,Hilari,Morton,Sales
d005,10122,Ohad,Esposito,Development
d007,10291,Dipayan,Seghrouchni,Sales
d008,10476,Kokou,Iisaka,Research
d004,10663,Teunis,Noriega,Production
d008,10762,Lech,Himler,Research
d004,10933,Juyoung,Seghrouchni,Production
d004,12155,Keiichiro,Glinert,Production
d005,12408,Rasiah,Sudkamp,Development
d002,12643,Morrie,Schurmann,Finance
d004,13499,Kazuhiko,Sidou,Production
d005,14075,Denny,Tchuente,Development
d003,14104,Sudhanshu,Demian,Human Resources
d004,14127,Magdalena,Cannard,Production
d007,14158,Caolyn,Setiz,Sales
d004,14476,Sastry,Marrevee,Production
d007,14907,Nakhoon,Luga,Sales
d004,15050,Nikolaos,Kruskal,Production
d002,15058,Bouchung,Bugrara,Finance
d005,15413,Arvin,Rabejac,Development
d007,16461,Remmert,Schahn,Sales
d004,16528,Gaurav,Swick,Production
d002,17013,Morris,Garigliano,Finance
d004,17206,Berry,DeMori,Production
d004,17369,Yaghout,Kenevan,Production
d007,17447,Zengping,Boreale,Sales
d005,17731,Gennady,Roison,Development
d004,17970,Filipp,Carrere,Production
d004,17988,Mabhin,Calkin,Production
d005,18021,Adil,Matzke,Development
d005,18424,Filipp,Rousseau,Development
d009,18583,Stafford,Honglei,Customer Service
d003,18617,Surveyors,Crouzet,Human Resources
d005,18810,Taiji,Jarecki,Development
d004,19236,Elzbieta,Morris,Production
d009,19350,Satoru,Yoshizawa,Customer Service
d005,19803,Ziva,Kowalchuk,Development
d001,20100,Utz,Heuter,Marketing
d009,20128,Kazunori,Peak,Customer Service
d004,20129,Rafael,Skafidas,Production
d009,20248,Vidar,Demri,Customer Service
d004,20313,Candida,Benveniste,Production
d009,20500,Christoph,Trystram,Customer Service
d004,20885,Otmar,Rothenberg,Production
d004,21181,Jianhui,Cangellaris,Production
d005,21188,Piyush,Danecki,Development
d001,21546,Yongmin,Lanteri,Marketing
d005,21843,Karsten,Azadmanesh,Development
d007,21909,Mohammed,Brizzi,Sales
d004,22185,Huai,Birch,Production
d007,22415,Perla,Jumpertz,Sales
d005,22451,Jasminko,Bresenham,Development
d001,22455,Barry,Unno,Marketing
d004,22926,Manibrata,Genther,Production
d004,23396,Hilari,Fairtlough,Production
d005,24080,Jaana,Perez,Development
d005,24205,Roddy,Rubsam,Development
d006,24377,Lubomir,Wroclawski,Quality Management
d007,24394,Zhonghui,Conta,Sales
d007,24553,Anwar,Passafiume,Sales
d004,24571,Cordelia,Gischer,Production
d008,25488,Ingmar,Basawa,Research
d008,26629,Nevin,Rodham,Research
d005,26671,Jiakeng,Kalorkoti,Development
d005,26788,Zongyan,Dalphin,Development
d009,27331,Wanqing,Krohm,Customer Service
d002,27378,Piyawadee,Leppanen,Finance
d004,27620,Shuji,Kandlur,Production
d007,27686,Manu,Rosiles,Sales
d004,27699,Falguni,Pezzoli,Production
d009,27767,Tooru,Veldwijk,Customer Service
d005,28193,Xinglin,Mitsuhashi,Development
d005,28974,Chenxi,Sundgren,Development
d004,28988,Tua,Giveon,Production
d001,29130,Xumin,Thorensen,Marketing
d009,29265,Gilbert,Calkin,Customer Service
d004,29380,Satoru,Vidal,Production
d004,29418,Valery,Mersereau,Production
d005,29679,Kolar,Steenbeek,Development
d004,29782,Jouko,Hellwagner,Production
d004,29954,Pranay,Giarratana,Production
d004,30007,Kousuke,Vecchio,Production
d008,30035,Tetsushi,Conta,Research
d005,30154,Mayuko,Skafidas,Development
d005,30182,Leon,Potthoff,Development
d005,30465,Randi,Avouris,Development
d007,30484,Sailaja,Chvatal,Sales
d005,30695,Gudjon,Majewski,Development
d001,30938,Yakkov,Samarati,Marketing
d002,31147,Divine,Sidhu,Finance
d004,31188,Leandro,Gist,Production
d004,31207,Abdelwaheb,Dulin,Production
d002,31341,Oksana,Zultner,Finance
d005,31514,Harngdar,Schapire,Development
d001,31568,Mark,Lalonde,Marketing
d004,31909,Murthy,Peek,Production
d001,32347,Terresa,Peres,Marketing
d005,32552,Atreye,Stanger,Development
d008,32649,Ingmar,Nannarelli,Research
d001,32714,Radoslaw,Maliniak,Marketing
d005,32844,Tadahiko,Melton,Development
d009,33025,Jessie,Thorelli,Customer Service
d004,33215,Steen,Fasbender,Production
d005,33722,Anwar,Collette,Development
d007,34077,Angel,Sichman,Sales
d003,34261,Kyoichi,Callaway,Human Resources
d005,34446,Chinhyun,Bauknecht,Development
d004,34452,Naftaly,Foong,Production
d007,34505,Felicidad,Kumaresan,Sales
d004,34533,Erzsebet,Shigei,Production
d001,34780,Moni,Kohling,Marketing
d004,34788,Ennio,Babu,Production
d004,34936,Bokyung,Stamatiou,Production
d004,35044,Jiang,Waschkowski,Production
d009,35087,Leif,Ashish,Customer Service
d005,35441,Chandrasekaran,Peek,Development
d004,35642,Ashish,Talmon,Production
d009,35793,Oscar,Kusalik,Customer Service
d005,35798,Ulf,Oberman,Development
d002,36521,Serif,Gladwell,Finance
d007,36626,Fen,Genin,Sales
d009,36733,Uma,Reinhard,Customer Service
d009,36844,Hailing,Levergood,Customer Service
d006,36982,Kotesh,Rajala,Quality Management
d009,37070,Jeong,Undy,Customer Service
d005,37945,Suzette,Butterworth,Development
d005,38043,Michaela,Randi,Development
d004,38103,Masasuke,Babu,Production
d007,38168,Fumiko,Deverell,Sales
d006,38550,JoAnne,Baez,Quality Management
d004,38593,Huei,Orsini,Production
d001,38947,Shuichi,Ruemmler,Marketing
d008,39000,Martijn,Vendrig,Research
d003,39036,Changho,Cappelli,Human Resources
d008,39301,Rimon,Kawashima,Research
d004,39341,Mahmut,Lampe,Production
d007,39952,Otmar,Sudbeck,Sales
d007,40269,Toshiki,Ghazalie,Sales
d005,40283,Sudhanshu,Boissier,Development
d004,40301,Spyrose,Felder,Production
d005,40536,Harngdar,Bernardinello,Development
d008,40765,Michaela,Ramsak,Research
d009,40773,Shimshon,Aingworth,Customer Service
d005,40983,Marla,Cherinka,Development
d004,41114,Petter,Thummel,Production
d007,41137,Bikash,Buchter,Sales
d005,41357,Willard,Vernadat,Development
d004,41518,Keung,Schapiro,Production
d005,41520,Xiong,Uhrik,Development
d007,41609,Yucai,Simmen,Sales
d003,42778,Shuji,Remmers,Human Resources
d004,42911,Brigham,Eterovic,Production
d008,42950,Shaleah,Eickenmeyer,Research
d006,42955,Yucel,Lortz,Quality Management
d002,43154,Maha,Waterhouse,Finance
d003,43733,Huei,Boguraev,Human Resources
d004,43848,Phillip,Oxenboll,Production
d005,44054,Alenka,Ritcey,Development
d005,44265,Maria,Eppinger,Development
d005,44540,Mingzeng,Sadowski,Development
d001,44900,Mark,Schwaller,Marketing
d004,44959,Volkmar,Uhrik,Production
d005,44962,Sariel,Wynblatt,Development
d005,45162,Dulce,Speel,Development
d009,46000,Zhaofang,Penn,Customer Service
d007,46328,Wuxu,Trogemann,Sales
d004,46811,Junsik,Berendt,Production
d007,46834,Tooru,Daescu,Sales
d005,46943,Pasqua,Maraist,Development
d009,47016,Toong,Litecky,Customer Service
d005,47139,Marco,Usdin,Development
d005,47262,Gonzalo,Binkley,Development
d005,47515,Naraig,Jenevein,Development
d007,47702,Juyoung,Vieri,Sales
d001,47708,Edwin,Haldar,Marketing
d007,48275,Sariel,Massonet,Sales
d003,48690,Hitomi,Schaap,Human Resources
d004,48882,Leen,Lamparter,Production
d002,48904,Yuichiro,Malabarba,Finance
d007,48947,Filipp,Akaboshi,Sales
d001,49010,Kazuhisa,Benantar,Marketing
d005,49017,Filipp,Flanders,Development
d004,49119,Lena,Peek,Production
d004,49177,Tze,Bach,Production
d007,49464,Siddarth,Cappelletti,Sales
d003,49477,Baocai,Leaver,Human Resources
d004,50293,Xinan,Rindone,Production
d006,50311,Mooi,Stafford,Quality Management
d002,50453,Aron,Harbusch,Finance
d001,50670,Boguslaw,Snedden,Marketing
d004,50831,Marie,Khalid,Production
d007,51036,Chriss,Fasbender,Sales
d001,51057,Theirry,Albarhamtoshy,Marketing
d005,51060,Youngkon,Rohrbach,Development
d005,51142,Rosine,Lakshmanan,Development
d004,52038,Chikako,Armand,Production
d005,52040,Phule,Heijenga,Development
d008,52283,Trygve,Krupka,Research
d007,52386,Adas,Denti,Sales
d005,52590,Jouni,Munoz,Development
d009,52599,Augustine,Mungall,Customer Service
d007,52639,Arup,Colorni,Sales
d007,52770,Shugo,Yurek,Sales
d006,52778,Alain,Penn,Quality Management
d006,52956,Khalil,Picci,Quality Management
d004,52970,Lobel,Werthner,Production
d007,53278,Premsyl,Lortz,Sales
d008,53314,Eberhardt,Carrera,Research
d009,53431,Sham,Vasanthakumar,Customer Service
d004,53499,Zdislav,Mandelberg,Production
d005,53597,Jiafu,Marchegay,Development
d001,53874,Bodo,Schade,Marketing
d004,53924,Arnould,Gaughan,Production
d005,54198,Shaowen,Segond,Development
d002,54632,Etsuo,Serot,Finance
d004,54795,Sumant,Nergos,Production
d007,54800,Breannda,Cangellaris,Sales
d004,55640,Adit,Syrotiuk,Production
d005,55687,Shih,Lindqvist,Development
d004,55799,Jianwen,Litzler,Production
d007,55857,Adin,Scallan,Sales
d005,56105,Makato,Remmers,Development
d004,56209,Remzi,Douceur,Production
d002,56415,Sigeru,Nivat,Finance
d007,56428,Olivera,Hanabata,Sales
d005,56682,Roded,Picco,Development
d004,56829,Nagui,Gruenwald,Production
d006,56847,Menkae,Chinin,Quality Management
d005,57934,Sanjoy,Boudaillier,Development
d002,58141,Bezalel,Karner,Finance
d001,58147,Shigenori,Sullins,Marketing
d005,58384,Mariusz,Vural,Development
d004,58454,Ziya,Zambonelli,Production
d001,58497,Yechiam,Cairo,Marketing
d007,58819,Gennady,Liesche,Sales
d005,58990,Palash,Trelles,Development
d005,59195,Ronnie,Pollock,Development
d002,59640,Zita,Hiltgen,Finance
d001,59869,Zsolt,Riefers,Marketing
d004,59966,Steen,Salvesen,Production
d005,60000,Heekeun,Emmart,Development
d009,60091,Surveyors,Bade,Customer Service
d001,60238,Erzsebet,Claffy,Marketing
d004,60559,Jeanna,Stemann,Production
d003,60821,Moty,Mersereau,Human Resources
d004,60845,Bedir,Siegrist,Production
d006,60875,Rildo,Masaki,Quality Management
d001,60959,Tetsushi,Sridhar,Marketing
d001,61147,Leszek,Werthner,Marketing
d005,61253,Cheong,Uhrik,Development
d004,61377,Dannz,Ohori,Production
d005,61541,Kasidit,Papsdorf,Development
d006,61873,Woody,Rusmann,Quality Management
d004,62033,Heeju,Cappelli,Production
d004,62046,Karlis,Nanard,Production
d005,62245,Adel,Bressoud,Development
d004,63294,Tetsushi,Tanemo,Production
d004,63419,Hiroyasu,Seuren,Production
d003,63441,Hinrich,Scallan,Human Resources
d007,63566,Heekeun,Slaats,Sales
d004,63631,Falguni,Cherinka,Production
d005,63706,Sedat,Itzigehl,Development
d005,64023,Laurentiu,Benzmuller,Development
d009,64209,Golgen,Schoegge,Customer Service
d006,64487,Tsutomu,Rebaine,Quality Management
d004,64532,Atilio,Segond,Production
d007,64632,Zsolt,Brender,Sales
d005,64790,Shin,Piveteau,Development
d007,64828,Krister,Pappas,Sales
d004,64984,Eldridge,Eldridge,Production
d004,65171,Jeane,Tasistro,Production
d005,65539,Aksel,Picaronny,Development
d007,65883,Patricia,Pepe,Sales
d007,65998,Mandell,Alameldin,Sales
d004,66382,Domenico,Candan,Production
d008,66530,Dung,Leaver,Research
d004,66643,Jianhao,Tomescu,Production
d005,66702,Deniz,Thibadeau,Development
d001,66757,Yonghong,Baig,Marketing
d005,66807,Aiman,Rosaz,Development
d001,67320,Sadok,Lorys,Marketing
d003,67548,Fumitaka,Roohalamini,Human Resources
d004,67934,Aiman,Gargeya,Production
d004,68416,Munenori,Debuse,Production
d004,68608,Yucai,Seghrouchni,Production
d004,68633,Chinhyun,Rassart,Production
d005,68648,Jaques,DiGiano,Development
d007,69052,Shietung,Shrader,Sales
d001,69219,Shuky,Redmiles,Marketing
d007,69867,Miyeon,Rothe,Sales
d005,69878,Chinya,Cooke,Development
d004,69936,Lalit,Unni,Production
d001,70469,Tru,Miyakawa,Marketing
d004,70990,Arumugam,Nitta,Production
d007,71066,Domenick,Basart,Sales
d003,71141,Sajjad,Vitiello,Human Resources
d007,71188,Pranjal,Schapiro,Sales
d004,71243,Kinh,Buchter,Production
d005,71334,Cathie,Peck,Development
d004,71685,Kristinn,Olano,Production
d005,71710,Hitomi,Takanami,Development
d005,71745,Adil,Laventhal,Development
d005,72190,Sajjad,Waeselynck,Development
d004,72194,Feiyu,Siepmann,Production
d006,72232,Naraig,Veldwijk,Quality Management
d006,72640,Honglan,Hutton,Quality Management
d007,72918,Takahira,Szilard,Sales
d005,73076,Froduald,Feldhoffer,Development
d004,73233,Shigeo,Merey,Production
d004,73516,Qingxiang,Badache,Production
d004,73743,Anneke,Bernardeschi,Production
d004,74200,Holgard,Weiland,Production
d005,74344,Hiroyasu,Provine,Development
d007,74668,Masako,Bonifati,Sales
d004,74800,Yuuichi,Conde,Production
d005,75354,Shuky,Jakobus,Development
d005,75703,Kyoichi,Erman,Development
d004,76189,Kolar,Hinsberger,Production
d005,76201,Arif,Preusig,Development
d006,76640,Tristan,Mitsuhashi,Quality Management
d005,77030,Faiza,Garnham,Development
d009,77303,Xinglin,Birge,Customer Service
d004,77647,Niranjan,Schaaf,Production
d005,77815,Ronghao,Picaronny,Development
d001,78106,Ashish,Ratnaker,Marketing
d006,78363,Susumu,Fritzsche,Quality Management
d003,78469,Leucio,Cappelli,Human Resources
d005,78871,Conor,Ghandeharizadeh,Development
d004,79043,Katsuo,Hockney,Production
d004,79171,Guiseppe,Ellozy,Production
d001,79310,Jeong,Cunliffe,Marketing
d005,79606,Arnd,Peir,Development
d001,79763,Sanjoy,Barreiro,Marketing
d007,79895,Fei,Murtagh,Sales
d009,80067,Kazuhisa,Weiland,Customer Service
d007,80203,Shakhar,Baik,Sales
d008,80432,Stella,Figueira,Research
d007,80731,Shaowen,Eldridge,Sales
d004,80850,Koldo,Luit,Production
d005,80889,Shigeo,Linnainmaa,Development
d005,80948,Harjit,Bardell,Development
d005,81105,Jaewon,Boissier,Development
d005,81545,Larisa,Kornyak,Development
d007,81644,Divine,Ghandeharizadeh,Sales
d005,81995,Sreekrishna,Brender,Development
d004,82069,Yechezkel,Perfilyeva,Production
d004,82098,Poornachandra,Wilharm,Production
d003,82351,Stevo,Thambidurai,Human Resources
d005,82511,Uwe,Koblick,Development
d005,82919,Shigeu,Claffy,Development
d005,82928,Alselm,Rikino,Development
d004,83280,Francesca,Ellozy,Production
d005,83289,Shigeichiro,Engelmann,Development
d005,83509,Breannda,Collavizza,Development
d007,83544,Leaf,Baak,Sales
d004,83714,Ohad,Kilgore,Production
d005,83805,Manohar,Harllee,Development
d008,83941,Zsolt,Hagimont,Research
d009,84029,Babette,Eugenio,Customer Service
d004,84179,Shuichi,Nanard,Production
d007,84236,Eberhardt,Barriga,Sales
d005,84315,Kristina,Baumann,Development
d005,84451,Shiv,Aumann,Development
d005,84508,Tommaso,Vidya,Development
d008,84840,Sverrir,Neimat,Research
d005,84922,Parke,Unno,Development
d006,84942,Shin,Fujisaki,Quality Management
d002,85216,Ferdinand,Rosiles,Finance
d004,85288,Younwoo,Luders,Production
d002,85414,Chiradeep,Callaway,Finance
d007,85445,Yongdong,Pollock,Sales
d006,85702,Udi,Merks,Quality Management
d009,85874,Pasqua,Taubman,Customer Service
d001,86213,Kristine,Clemencon,Marketing
d005,86354,Ronghao,Segond,Development
d001,86422,Jaewon,Thummel,Marketing
d004,86546,Oldrich,Woycyznski,Production
d004,86655,Zhenhua,Lorys,Production
d008,86672,JoAnne,Anido,Research
d007,87129,Keung,Neiman,Sales
d005,87353,Quingbo,Coombs,Development
d004,87714,Khun,Janetzko,Production
d008,87729,Yongmin,Roccetti,Research
d005,87783,Conor,Thorensen,Development
d007,88103,Goo,Bresenham,Sales
d005,88411,Lena,Cannane,Development
d004,88422,Jungsoon,Birsak,Production
d005,88647,Vasiliy,Ratnaker,Development
d002,88958,Vojin,Coombs,Finance
d005,88965,Mang,Hedayat,Development
d005,89048,Otmar,Birjandi,Development
d003,89090,Tetsushi,Theuretzbacher,Human Resources
d002,89161,Conal,Yetto,Finance
d003,89207,Along,Erol,Human Resources
d005,89346,Mansur,Comyn,Development
d008,89590,Guther,Rothenberg,Research
d001,89664,Pranjal,Rossi,Marketing
d004,89680,Aiman,Mawatari,Production
d004,89806,Xiadong,Shinomoto,Production
d004,89922,Alexius,Ibel,Production
d001,89941,Arnould,Weedman,Marketing
d005,90077,Vivian,Guerreiro,Development
d004,90084,Renny,Bale,Production
d004,90211,Bader,Denis,Production
d004,90292,Koichi,Assaf,Production
d009,90518,Fumiko,Chepyzhov,Customer Service
d004,90614,Yonghoan,Trogemann,Production
d001,90692,Rajmohan,DasSarma,Marketing
d009,91172,Kazuhisa,Melter,Customer Service
d005,91182,Lucien,Schwartzburd,Development
d004,91229,Yahiko,Hebden,Production
d001,91256,Gunilla,Milicic,Marketing
d007,91333,Lobel,Stafford,Sales
d007,91415,Jamaludin,Nilsson,Sales
d001,91648,Dmitry,Msuda,Marketing
d009,92438,Aria,Kilgore,Customer Service
d006,92454,Visit,McFarlan,Quality Management
d004,92577,Zhanqiu,Farrow,Production
d004,92598,Ranga,Merro,Production
d007,92685,Mang,Atchley,Sales
d007,92841,Claude,Candan,Sales
d001,92846,Anyuan,Kropatsch,Marketing
d005,92920,Huei,Hutter,Development
d005,93040,Jaques,Kabayashi,Development
d006,93220,Richara,Walston,Quality Management
d004,93278,Magdalena,Penn,Production
d007,93549,Arie,Coullard,Sales
d004,93600,Kristina,Neimat,Production
d004,94331,Ramzi,Cronau,Production
d007,94416,Aran,Cesareni,Sales
d005,94761,Hitofumi,Zaccaria,Development
d005,94944,Heping,Matheson,Development
d008,95181,Yishai,Cappelli,Research
d005,95286,Kristin,Guerreiro,Development
d007,95314,Rasiah,Koblick,Sales
d005,95406,Alair,Lyonns,Development
d005,95416,Gianluca,Ramaiah,Development
d004,95509,Kristinn,Loncour,Production
d002,95920,Nobuyoshi,Hegner,Finance
d004,96571,Kokou,Garrabrants,Production
d004,96579,Mohan,Tasistro,Production
d004,96767,Arumugam,Vecchio,Production
d004,97018,Jeanna,Chinen,Production
d003,97623,Haldon,Janetzko,Human Resources
d008,97661,Avishai,Hegner,Research
d008,98288,Sumali,Huttel,Research
d005,98306,Ziya,Kadhim,Development
d008,98639,Florina,Assaf,Research
d009,99057,Shugo,Reeken,Customer Service
d009,99373,Xiaobin,Christianini,Customer Service
d005,99377,Carrsten,Francisci,Development
d007,99590,Dhritiman,Anily,Sales
d008,99654,Mahendra,Motley,Research
d004,100865,Hisao,Peral,Production
d005,100916,Heejo,Aamodt,Development
d007,101487,Abdelaziz,Sury,Sales
d007,101647,Mori,Homond,Sales
d007,101902,Mantis,Millington,Sales
d004,102620,Adin,Templeman,Production
d003,103196,Djenana,Albarhamtoshy,Human Resources
d001,103310,Visit,Swen,Marketing
d005,103316,Susanne,Peternell,Development
d006,103342,Beshir,Hellwagner,Quality Management
d005,103756,Heping,Halloran,Development
d007,104133,Pranjal,Zyda,Sales
d002,104845,Werner,Lodder,Finance
d005,104988,Parviz,Litzler,Development
d006,105342,Kwun,Reeker,Quality Management
d005,105356,Diederik,Matzov,Development
d005,105432,Mohamadou,Stafford,Development
d007,105520,Haldun,Lienhardt,Sales
d005,105731,Sachem,Cromarty,Development
d004,106096,Naftali,Schurmann,Production
d003,106242,Nevio,Thisen,Human Resources
d005,106695,Lijie,Garrabrants,Development
d001,106710,Babette,Anandan,Marketing
d005,107486,Siamak,Luiz,Development
d005,107737,Fabrizio,Chleq,Development
d001,107792,Shahab,Crooks,Marketing
d007,107828,Ramya,Walston,Sales
d009,108091,Hisao,Ghemri,Customer Service
d008,108198,Randi,Samarati,Research
d004,108316,Shai,Stellhorn,Production
d007,108988,Oksana,Baek,Sales
d005,109062,Jamaludin,Kandlur,Development
d005,109211,Gor,Delgrande,Development
d004,109252,Moty,Winter,Production
d002,109278,Bangqing,Schach,Finance
d005,109552,Menkae,Etalle,Development
d002,109598,Stamatina,Auyong,Finance
d007,109620,Mani,Cannata,Sales
d004,109703,Arco,Walston,Production
d004,109741,Hatem,Fadgyas,Production
d007,109953,Godehard,Chorvat,Sales
d009,200267,Chuanti,Luff,Customer Service
d006,200312,Akemi,Fujisaki,Quality Management
d005,200363,Kirk,Quaggetto,Development
d001,200735,Dinah,Denos,Marketing
d001,200789,Susumu,Camurati,Marketing
d003,201229,Alejandra,Khasidashvili,Human Resources
d003,201708,Anneli,Perl,Human Resources
d002,201709,Fan,Kakkad,Finance
d005,201739,Genta,Terekhov,Development
d005,201801,Waiman,Genin,Development
d004,201915,Sudharsan,DeMori,Production
d004,202291,Ortrun,Schmiedel,Production
d004,202403,Gully,Perko,Production
d009,202414,Zvonko,Murthy,Customer Service
d004,202552,Morris,Saoudi,Production
d005,202826,Kerhong,Matzke,Development
d005,202882,Isaac,Koshino,Development
d003,202950,Giordano,Pietrzykowski,Human Resources
d007,203474,Hugh,Jonsson,Sales
d005,203495,Zongyan,Gips,Development
d005,203599,Ewing,DiGiano,Development
d007,203720,Sasan,Thimonier,Sales
d003,203946,Yefim,Marwedel,Human Resources
d007,204117,Jessie,Nooteboom,Sales
d002,204133,Susuma,Bergere,Finance
d008,204246,Arve,Worfolk,Research
d005,204425,Gretta,Huttel,Development
d007,204470,Hein,Lichtner,Sales
d005,204471,Franziska,Maginnis,Development
d005,204764,Susanne,Mandelberg,Development
d006,205018,Yahiko,Awdeh,Quality Management
d005,205085,Moni,Kornyak,Development
d001,205174,Leszek,Spinelli,Marketing
d005,205500,Mary,Setiz,Development
d004,205627,Stabislas,Broder,Production
d001,205660,Kien,Barreiro,Marketing
d007,205699,Youjian,Yetto,Sales
d002,205789,Limsoon,Skafidas,Finance
d006,205863,Aiichiro,Kusalik,Quality Management
d007,206748,Yucai,Fabrizio,Sales
d008,206836,Guadalupe,Pfau,Research
d005,206966,Tzu,Sichman,Development
d004,207021,Jacqueline,Akaboshi,Production
d001,207068,Zhiguo,Ariola,Marketing
d005,207204,Kellie,Schrooten,Development
d008,207401,Shuji,Barbanera,Research
d005,207551,Baziley,Falck,Development
d008,207779,Chinya,Kamble,Research
d003,207980,Remko,Vieth,Human Resources
d005,208147,Manu,Rothenberg,Development
d007,208330,Shen,Flanders,Sales
d007,208639,Larisa,Lukaszewicz,Sales
d005,208653,Phillip,Schade,Development
d004,208784,Pranjal,Juneja,Production
d006,209101,Xinyu,Edelhoff,Quality Management
d003,209443,Krassimir,Garnier,Human Resources
d001,209565,Dante,Covnot,Marketing
d005,209712,Nimmagadda,Baak,Development
d003,210017,Shalesh,Lovengreen,Human Resources
d003,210292,Lihong,Zeilberger,Human Resources
d004,210449,Gino,Lagarias,Production
d001,210752,Saniya,Stenning,Marketing
d003,210786,Werner,Ranze,Human Resources
d004,211858,Domenico,Ratnaker,Production
d005,211879,Gao,Ranze,Development
d005,211967,Anwar,Bain,Development
d003,212093,Leni,Henders,Human Resources
d009,212154,Sailaja,Holburn,Customer Service
d006,212361,Claudi,Stanfel,Quality Management
d005,213016,Yongmao,Fontan,Development
d007,213140,Tru,Danecki,Sales
d005,213384,Pranas,Narwekar,Development
d004,213447,Armond,Perly,Production
d007,214215,Xiaoqiang,Cardazo,Sales
d009,214391,Rayond,Klassen,Customer Service
d004,214427,Peer,Molberg,Production
d005,214539,Ingmar,Kohling,Development
d005,214634,Shirish,Vickson,Development
d004,214789,Arfst,Chepyzhov,Production
d005,214866,Gopalakrishnan,Angel,Development
d004,214995,Dinkar,Hoppenstand,Production
d003,215419,Flemming,Kroha,Human Resources
d009,215629,Munehiro,Manders,Customer Service
d002,215746,Sven,Speer,Finance
d001,215843,Pramod,Loncour,Marketing
d008,216054,Sahrah,Angiulli,Research
d005,216342,Aiichiro,Cromarty,Development
d005,216375,Byong,Gustavson,Development
d005,216502,Xiaocheng,Suermann,Development
d004,216573,Ashish,Vidya,Production
d007,216921,Lena,Lenart,Sales
d007,217026,Otmar,Engberts,Sales
d005,217080,Masami,Puoti,Development
d007,217272,Yuchang,Eldridge,Sales
d005,217286,Yannik,Spelt,Development
d006,217320,Abdelwaheb,Denis,Quality Management
d009,217363,Horward,Marzano,Customer Service
d005,217387,Jianhao,Molenaar,Development
d004,217551,Panayotis,Lukaszewicz,Production
d002,217800,Shay,Servieres,Finance
d005,218022,Mokhtar,Poupard,Development
d003,218100,Jiong,Garnham,Human Resources
d004,218831,Unal,DuBourdieux,Production
d006,219035,Kristine,Bierman,Quality Management
d005,219047,Aemilian,Kusalik,Development
d001,219052,Marsal,Acton,Marketing
d008,219417,Subhrajyoti,Denna,Research
d005,219497,Moie,Zastre,Development
d003,219967,Susanna,Reeken,Human Resources
d005,220029,Demos,Asser,Development
d005,220131,Reinhard,Slaats,Development
d007,220418,Poorav,Laventhal,Sales
d008,220528,Sibyl,Rabehasaina,Research
d001,220582,Poornachandra,Zielinski,Marketing
d007,220611,Yuping,Babb,Sales
d004,220625,Shigenori,Deville,Production
d009,220699,Nahid,Gyimothy,Customer Service
d008,220799,Perla,Orlowska,Research
d005,221126,Tesuya,dAstous,Development
d009,221367,Saddek,Farris,Customer Service
d006,221369,Abdulah,Pocchiola,Quality Management
d004,221435,Djenana,Marrevee,Production
d001,221973,Sangeeta,Kalefeld,Marketing
d003,222206,Stein,Uludag,Human Resources
d005,222311,Miyeon,Billingsley,Development
d005,222319,Matt,Chvatal,Development
d005,222354,Valdiodio,Schlumberger,Development
d006,222616,Badri,Schapire,Quality Management
d005,222770,Kazuhiko,Kushner,Development
d005,222878,Annemarie,Zallocco,Development
d005,222926,Limsoon,Erol,Development
d004,222952,Gopalakrishnan,Suermann,Production
d001,222998,Leaf,Awdeh,Marketing
d001,223593,Hidefumi,Moehrke,Marketing
d004,223595,Chiranjit,Dredge,Production
d005,224135,Annemarie,Bressoud,Development
d005,224335,Perry,Chachaty,Development
d008,224390,True,Shobatake,Research
d003,224934,George,Miake,Human Resources
d007,225438,Remmert,Quaggetto,Sales
d005,225601,Masasuke,Genin,Development
d005,225788,Ipke,Kieras,Development
d006,225867,Ramalingam,Remmele,Quality Management
d004,225964,Mooi,Cooman,Production
d006,226216,Giordano,Gini,Quality Management
d004,226227,Herbert,Erva,Production
d005,227354,Gio,Murtha,Development
d005,227476,Macha,Schnabel,Development
d002,227681,Mikhail,Rousseau,Finance
d001,227899,Garnik,Luce,Marketing
d008,227901,Francesca,Azuma,Research
d004,228098,IEEE,Kroll,Production
d008,228248,Yuriy,Plump,Research
d007,228554,Bilhanan,Brendel,Sales
d004,228766,Nahla,Smailagic,Production
d009,229098,Berry,Yurek,Customer Service
d004,229220,Fabrizio,Lichtman,Production
d008,229248,Harjit,Terekhov,Research
d009,229386,Pohua,Tasistro,Customer Service
d004,229391,Paloma,Henseler,Production
d003,229404,Gilbert,Kilgour,Human Resources
d007,229547,Moni,Schach,Sales
d005,229727,Ewing,Millington,Development
d004,229981,Jamaludin,Fordan,Production
d005,230002,Tadahiro,Backhouse,Development
d009,230126,Bezalel,Radivojevic,Customer Service
d004,230287,Renny,Alameldin,Production
d003,230354,Yinghua,Lorho,Human Resources
d004,230498,Kolar,Puppo,Production
d002,230579,Shahar,Negoita,Finance
d007,230689,Dietrich,Crabtree,Sales
d007,230865,Takushi,Brattka,Sales
d007,231069,Trygve,Siksek,Sales
d004,231459,Nectarios,Pramanik,Production
d009,231671,Chandrasekaran,Pearson,Customer Service
d005,231798,Goetz,Alvarado,Development
d003,232178,Etsuo,Anandan,Human Resources
d006,232209,Nitsan,Rouquie,Quality Management
d004,232697,Barry,Ramsak,Production
d006,232723,Tesuya,Bugrara,Quality Management
d005,233114,Alselm,Gargeya,Development
d005,233394,Khalid,Lenart,Development
d007,233397,Fay,Sundgren,Sales
d005,233426,Etsuo,Usery,Development
d005,233690,Cedric,Riefers,Development
d004,233759,Zissis,Lodder,Production
d005,233765,Kotesh,Chachaty,Development
d007,233785,Baziley,Ballarin,Sales
d005,233818,Kellie,Heydon,Development
d007,234195,Luerbio,Terkki,Sales
d004,234739,Foong,Aamodt,Production
d007,235017,Irena,Dratva,Sales
d007,235096,Sverrir,Gyimothy,Sales
d005,235325,Gro,Prochazka,Development
d004,235368,Anneli,Joslin,Production
d008,235458,Gio,Heuser,Research
d001,235729,Henk,Anger,Marketing
d004,235780,Sampalli,Bergere,Production
d004,235793,Jayesh,Spinelli,Production
d005,236315,IEEE,Raczkowsky,Development
d009,236566,Yechezkel,Maginnis,Customer Service
d001,236591,Insup,Reinhard,Marketing
d005,236827,Almudena,Rijckaert,Development
d007,236883,Huan,Olivero,Sales
d007,236964,Adel,Foote,Sales
d004,238112,Miomir,Frezza,Production
d007,238252,Uno,Suppi,Sales
d007,238422,Vishv,Angelov,Sales
d007,238949,Minghong,Cronin,Sales
d007,239067,Tadahiko,Pocchiola,Sales
d007,239244,Abdulla,Kitai,Sales
d004,239415,Susumu,Brender,Production
d005,239426,Vesna,Fairtlough,Development
d004,239664,Sugwoo,Michaels,Production
d004,239706,Arunas,Bugrara,Production
d007,239748,Bilhanan,Dusink,Sales
d008,239803,Oscal,Ernst,Research
d009,240132,Mizuhito,Kobara,Customer Service
d004,240236,True,Tischendorf,Production
d009,240285,Kolar,Greenaway,Customer Service
d004,240340,Mack,Staylopatis,Production
d009,240438,Temple,Cyre,Customer Service
d004,240870,Francesca,Chorvat,Production
d005,241100,Cedric,Molenaar,Development
d005,241254,Jagoda,Anguita,Development
d009,241292,Uri,Lampe,Customer Service
d005,241567,Emran,Miara,Development
d004,241667,Atilio,Olivero,Production
d004,241728,Limsoon,Boudaillier,Production
d009,241872,Bluma,Fetvedt,Customer Service
d004,242019,Herb,Murrill,Production
d004,242081,Tomokazu,Pargas,Production
d001,242104,Richara,Sudkamp,Marketing
d007,242500,Bingning,Iisaku,Sales
d005,242800,Kazuyasu,Levergood,Development
d001,243018,Bowen,Deverell,Marketing
d004,243077,Kazunori,Perz,Production
d007,243576,Abdulah,Lodder,Sales
d001,243637,Marjo,Delgrange,Marketing
d001,243898,Arch,Basawa,Marketing
d001,244308,Mokhtar,Rebaine,Marketing
d002,244605,Masoud,Suwa,Finance
d008,244624,Boaz,Seuren,Research
d004,244711,Rosli,Butner,Production
d004,244714,Poorav,Clouatre,Production
d005,244820,Shigenori,Hertweck,Development
d007,244873,Arunachalam,Oppitz,Sales
d004,245164,Filipp,Winter,Production
d003,245396,Gift,Bottner,Human Resources
d007,245664,Manohar,Kilgore,Sales
d006,246146,Zhongwei,Melski,Quality Management
d003,246244,George,Casperson,Human Resources
d005,246364,Alper,Tiemann,Development
d007,246764,Shuzo,Czaja,Sales
d001,246798,Tianruo,Strooper,Marketing
d003,246902,Shih,Shanbhogue,Human Resources
d007,247089,Seongbae,Schahn,Sales
d003,247122,Xiaobin,Narlikar,Human Resources
d004,247447,Tzu,Bakhtari,Production
d004,247456,Masako,Bahk,Production
d005,247612,Chiranjit,Constantine,Development
d001,247875,Xiong,Anick,Marketing
d006,247888,Abdelghani,Lagarias,Quality Management
d007,248256,Sajjan,Falby,Sales
d001,248351,Jaana,Milicia,Marketing
d007,248758,Snehasis,Muhlberg,Sales
d004,248953,Percy,Sudbeck,Production
d005,249239,Hideyuki,Decleir,Development
d007,249325,Ute,Pokrovskii,Sales
d004,249433,Ayonca,Matzov,Production
d005,249504,Dmitry,Velardi,Development
d004,249780,Nechama,Gaughan,Production
d005,249799,Jolita,Neimat,Development
d007,249866,Steen,Gubsky,Sales
d004,249969,Georgi,Luiz,Production
d007,250411,Ranga,Sommen,Sales
d005,250452,Alexius,Plavsic,Development
d005,250748,Kish,Turnbull,Development
d002,251166,Hinrich,Hooghiemstra,Finance
d004,251233,Yucel,Bernini,Production
d007,251301,Pintsang,Impagliazzo,Sales
d003,251341,Divier,Kumaresan,Human Resources
d005,251403,Utpal,DuBourdieux,Development
d005,251437,Shichao,Iwayama,Development
d007,251645,Bezalel,Tsunoo,Sales
d005,251680,Moty,Sommen,Development
d004,251814,Mitsuyuki,Zockler,Production
d006,252185,Chaosheng,Conta,Quality Management
d005,252316,Gill,Niizuma,Development
d004,252392,Sanjeeva,Peron,Production
d006,253029,Thodoros,Thimonier,Quality Management
d007,253707,Insup,Hainaut,Sales
d004,253838,Stafford,Terlouw,Production
d004,253893,Huiqun,Trystram,Production
d006,254044,Gunilla,Brendel,Quality Management
d004,254399,Armond,Lores,Production
d007,254821,Tonny,Couchot,Sales
d004,255466,Huan,Roccetti,Production
d005,255657,Oldrich,Cyre,Development
d004,255779,Heejo,Merle,Production
d004,256216,Halsur,Brodal,Production
d003,256856,Hongzue,Barbanera,Human Resources
d005,256881,Ioana,Jakobus,Development
d001,256888,Heather,Pehl,Marketing
d005,257062,Stabislas,Pardalos,Development
d001,257378,Pascal,Bernatsky,Marketing
d002,257469,Anyuan,Hanratty,Finance
d003,257484,Shaowei,Nicolson,Human Resources
d008,258028,Mountaz,Reinhart,Research
d007,258124,Mariusz,Zolotykh,Sales
d007,258470,Weiwu,Butner,Sales
d005,258643,Przemyslawa,Esposito,Development
d007,259042,Xiaoqiang,Farrow,Sales
d009,259237,Palash,Gammage,Customer Service
d004,259273,Xiahua,Gomatam,Production
d007,259611,Shuichi,Marrakchi,Sales
d002,259619,Conal,Magliocco,Finance
d005,259718,Stepehn,Bouloucos,Development
d005,260153,Mingdong,Baar,Development
d009,260249,Vugranam,Beausoleil,Customer Service
d004,260361,Reinhold,Rahier,Production
d002,260399,Hatem,Birsak,Finance
d009,260408,Sasan,Brookner,Customer Service
d005,260501,Dzung,Pargas,Development
d004,261184,Masako,Kornatzky,Production
d005,261631,Jianhua,Huttel,Development
d002,261662,Berni,Assaf,Finance
d004,261737,Mark,Lindqvist,Production
d005,261986,Gila,Ramsak,Development
d007,261990,Volkmar,Czaja,Sales
d002,262208,Mrinalini,Holburn,Finance
d005,262210,Chinho,Bottner,Development
d007,262328,Mayuko,Vural,Sales
d001,262439,Lorien,Lagarias,Marketing
d004,262636,Tamiya,Reutenauer,Production
d005,262752,Pramod,Bierman,Development
d006,262928,Piyush,Gill,Quality Management
d003,263012,Hideo,Buchter,Human Resources
d005,263186,Danny,Lowrie,Development
d007,263370,Shakhar,Ranze,Sales
d005,263439,Atreye,Kabayashi,Development
d005,263645,Mingsen,Lally,Development
d007,263649,Mechthild,Zongker,Sales
d007,263926,Fusako,Schwartzbauer,Sales
d004,264030,Zdislav,Solares,Production
d005,264167,Baoqiu,Tomescu,Development
d007,264322,Leandro,Swist,Sales
d001,264626,Noritoshi,Bakhtari,Marketing
d005,264939,Bogdan,Bahi,Development
d002,265039,Navid,Staudhammer,Finance
d004,265521,Kensei,Salverda,Production
d007,265558,Susuma,Kleiser,Sales
d007,265794,Miquel,Halloran,Sales
d004,265875,Fan,Marsiglia,Production
d001,266206,Zsolt,Anily,Marketing
d007,266249,Sumant,Nishimukai,Sales
d008,266310,Zvonko,Serdy,Research
d002,266644,Anwar,Gubsky,Finance
d008,266862,Mart,Plumb,Research
d001,266881,Mokhtar,Sabnani,Marketing
d009,267059,Moie,Tempesti,Customer Service
d004,267227,Susuma,Tagansky,Production
d007,267304,Jordanka,Axelband,Sales
d007,267667,Irena,Kaiserswerth,Sales
d005,268043,Narain,Mikschl,Development
d004,268191,LiMin,Teitelbaum,Production
d001,269728,Naftali,Kragelund,Marketing
d001,270084,Ulises,Frolund,Marketing
d007,270716,Shunichi,Baer,Sales
d001,270794,Dannz,Zhang,Marketing
d004,271106,Taisook,Kampfer,Production
d004,271219,Odoardo,Tyugu,Production
d005,272141,Tsutomu,Neiman,Development
d009,272285,Gully,Mitchem,Customer Service
d004,272316,Surveyors,Muhling,Production
d005,272452,Mitsuyuki,Isard,Development
d001,272599,Holgard,Hegner,Marketing
d004,272860,Minghong,Candan,Production
d005,273159,Divine,Hofmeyr,Development
d005,273286,Brigham,Asmuth,Development
d005,273396,Wayne,Baba,Development
d001,273806,Hongzhu,Beetstra,Marketing
d007,273858,Gunilla,Matzen,Sales
d003,274071,Mingsen,Weiland,Human Resources
d007,274271,Prodip,Ritcey,Sales
d008,274369,Ranga,Waymire,Research
d007,274813,Yefim,Pettey,Sales
d005,275158,Satyanarayana,Brandsma,Development
d005,275263,Vojin,Laventhal,Development
d005,275444,Limsoon,Leppanen,Development
d007,275495,Shen,Yamaashi,Sales
d007,275801,Ayakannu,Heinisuo,Sales
d004,275881,Jiann,Munro,Production
d004,275994,Uma,Prampolini,Production
d008,276027,Holgard,Stavenow,Research
d007,276184,Mari,Swick,Sales
d003,276186,Sajjad,Vecchi,Human Resources
d003,276189,Isaac,Klerer,Human Resources
d004,276445,Atilio,Randi,Production
d005,276472,Hideyuki,Flanders,Development
d009,276563,Gift,Solares,Customer Service
d001,276868,Alois,Sanella,Marketing
d007,277316,Vitali,Rothenberg,Sales
d009,277362,Uzi,Kugler,Customer Service
d004,277420,Rayond,Schach,Production
d005,277777,Herbert,Itzigehl,Development
d005,277829,Michaela,Fandrianto,Development
d008,278239,Boaz,Bottner,Research
d006,278386,Caolyn,Poujol,Quality Management
d003,278452,Sudhanshu,Toyoshima,Human Resources
d001,278536,Munenori,Shobatake,Marketing
d007,278549,Jaana,Werthner,Sales
d005,278953,Jeanna,Ghandeharizadeh,Development
d005,279115,Maren,DuCasse,Development
d004,279280,Niranjan,Debuse,Production
d005,279791,Chiranjit,Lyonns,Development
d003,280070,Niteen,Ebeling,Human Resources
d009,280291,Lenore,Badache,Customer Service
d007,280420,Jahangir,Hofting,Sales
d007,280525,Kish,Herbst,Sales
d004,280648,Heeju,Lorys,Production
d005,281570,Zijian,Covnot,Development
d006,281692,Khosrow,Sommen,Quality Management
d005,281848,Parke,Staylopatis,Development
d004,281859,Masanao,Papastamatiou,Production
d005,282191,Alper,Shinomoto,Development
d008,282333,Nahla,Serdy,Research
d007,282343,Xinglin,Haldar,Sales
d005,282547,Nahum,Codenie,Development
d009,282585,Zijian,Lammel,Customer Service
d005,282894,Fay,Bellmore,Development
d001,284300,Ishfaq,Mahmud,Marketing
d007,284431,Pintsang,Fujisawa,Sales
d006,284561,Duri,Beznosov,Quality Management
d005,284687,Oksana,Redmiles,Development
d005,284691,Theron,Ressouche,Development
d005,284711,Martijn,Azevdeo,Development
d005,284717,Gal,Ranta,Development
d006,284856,Moto,Kobara,Quality Management
d006,284954,Anneke,Hammerschmidt,Quality Management
d007,285164,Xiaocheng,Kumaresan,Sales
d005,285396,Lena,Kohling,Development
d008,285905,Kellyn,Bage,Research
d005,285906,Arnould,Buescher,Development
d007,286026,Utpal,Zaumen,Sales
d009,286029,Jaques,Nanard,Customer Service
d003,286370,Toshimitsu,Seuren,Human Resources
d005,286452,Behnaam,Bierbaum,Development
d005,286573,Nahum,Nishimukai,Development
d004,286779,Sigeru,Versino,Production
d005,286986,Woody,Trelles,Development
d007,287323,Steve,Dengi,Sales
d003,287327,Youjian,Felder,Human Resources
d004,287334,Elliott,Speer,Production
d006,287482,Shigeaki,Gihr,Quality Management
d004,287583,Jovan,Hockney,Production
d005,287609,Sailaja,Negoita,Development
d002,287713,Aamod,Ranka,Finance
d005,287808,Vidar,Ozeki,Development
d001,287983,Randi,Munos,Marketing
d005,287984,Troy,Kobuchi,Development
d005,288028,Kauko,Narwekar,Development
d007,288142,Shay,Heystek,Sales
d003,288166,Masoud,Asmuth,Human Resources
d001,288560,Yifei,Birjandi,Marketing
d004,288563,Cristinel,Gerlach,Production
d007,288606,Susumu,Swiss,Sales
d005,288665,Horward,Khasidashvili,Development
d005,288893,Bedrich,Rosenbaum,Development
d005,289454,Bowen,Narwekar,Development
d008,289687,Fai,Maccarone,Research
d009,289807,Soenke,Lemarechal,Customer Service
d007,289909,Hilari,Vecchio,Sales
d003,290009,Zijian,Rindone,Human Resources
d003,290075,Boalin,Byoun,Human Resources
d005,290284,Kwangjo,Menhardt,Development
d007,290441,Gregory,Collavizza,Sales
d008,290467,Shaowen,Poulakidas,Research
d006,290478,Tsvetan,Sherertz,Quality Management
d004,290563,Shigehiro,Oxenboll,Production
d005,290769,Lalit,Blokdijk,Development
d005,291352,Danai,Trelles,Development
d005,291612,Siamak,Gomatam,Development
d005,291669,Faiza,Bach,Development
d005,292110,Menkae,Showalter,Development
d005,292146,Khatoun,Pulkowski,Development
d005,292210,Masaru,Huhdanpaa,Development
d008,292404,Hongzue,Zultner,Research
d006,292504,Georgi,Bednarek,Quality Management
d005,292515,Bernd,Thummel,Development
d004,292828,Ziya,Tokunaga,Production
d003,293080,Hideyuki,Slaats,Human Resources
d001,293154,Syozo,Maliniak,Marketing
d005,293280,Moti,Steenbeek,Development
d005,293329,Fumiya,Griswold,Development
d005,293746,Sanjay,Litecky,Development
d007,293752,Jungsoon,Bail,Sales
d007,294144,Takanari,Ermel,Sales
d002,294241,Marl,Fiebach,Finance
d002,294446,Claudi,Ruemmler,Finance
d005,294461,Siddarth,Rosiles,Development
d001,294527,Ashish,Candan,Marketing
d005,294652,Hironobu,Brodie,Development
d005,294791,Vesna,Lammel,Development
d005,294857,Caolyn,Ozeri,Development
d009,295030,Fun,Keirsey,Customer Service
d005,295236,Kauko,Fujisawa,Development
d003,295254,Xuejun,Pfau,Human Resources
d004,295255,Jacopo,Bellone,Production
d004,295262,Moon,Pews,Production
d003,295268,Eben,Calkin,Human Resources
d005,295278,Val,Barvinok,Development
d007,295411,Chiranjit,Serot,Sales
d003,295857,Kankanahalli,Ciolek,Human Resources
d008,296062,Shaz,Driscoll,Research
d005,296303,Mariangiola,Heyers,Development
d007,296428,Charmane,Simmen,Sales
d004,296664,Dipayan,Geffroy,Production
d008,296687,Palash,Spieker,Research
d004,296718,Kamakshi,Bahl,Production
d007,297232,Lokesh,Saoudi,Sales
d001,297431,Cathie,Ratnakar,Marketing
d008,297474,Irena,Terkki,Research
d005,297905,Marc,Bahl,Development
d004,297954,Sailaja,Fujisaki,Production
d005,298339,King,Benzmuller,Development
d002,298577,Florina,Litecky,Finance
d002,298953,Zita,Syang,Finance
d003,299346,Fumitake,Sichman,Human Resources
d006,299580,Luisa,Itzfeldt,Quality Management
d008,299718,Denny,Shobatake,Research
d007,299737,Patricio,Itzfeldt,Sales
d008,400046,Hilari,Christ,Research
d005,400358,Angus,Jullig,Development
d007,400683,Kamakshi,Manders,Sales
d005,400780,Poornachandra,Asser,Development
d005,400796,Bodo,Halevi,Development
d003,401154,Danae,Kragelund,Human Resources
d004,401278,Oguz,Schurmann,Production
d004,401333,Martins,Shokrollahi,Production
d009,401420,Florian,Uhrig,Customer Service
d004,401574,Yannik,Falco,Production
d006,402025,Shigehito,Duclos,Quality Management
d005,402102,Kersti,Granlund,Development
d004,402664,Subhada,Janetzko,Production
d005,402718,Jeanna,Rettelbach,Development
d002,402827,Weidon,Pollacia,Finance
d005,403010,Toshimitsu,Sluis,Development
d001,403621,Deborah,Kaminger,Marketing
d003,403644,Krisda,Hainaut,Human Resources
d005,403954,Jeanna,Bratten,Development
d005,404018,Valery,Babb,Development
d005,404236,Zengping,Kakkar,Development
d005,404462,Anestis,Setlzner,Development
d003,404573,Eberhardt,Spelt,Human Resources
d001,404755,Manu,Junet,Marketing
d005,404788,Basem,Beausoleil,Development
d007,405015,Morris,Fargier,Sales
d004,405063,Yechezkel,Yurov,Production
d004,406125,Georgi,Portugali,Production
d005,406239,Marek,Tomescu,Development
d005,406564,Parviz,Picco,Development
d008,406714,Malu,Ossenbruggen,Research
d007,406847,Alexius,Crouzet,Sales
d002,407522,Tommaso,Raczkowsky,Finance
d004,407837,Fei,Erez,Production
d004,408019,Shridhar,Chleq,Production
d005,408114,Geoffrey,Ladret,Development
d006,408163,Irene,Sethi,Quality Management
d002,408417,Tsz,Daescu,Finance
d009,408437,Uno,Solares,Customer Service
d001,408447,Mayuri,Werthner,Marketing
d009,408654,Yongqiao,Cochrane,Customer Service
d005,408953,Jolita,Claffy,Development
d004,409391,Willard,Verspoor,Production
d004,409798,Dekang,Tsunoo,Production
d006,409805,Frazer,Candan,Quality Management
d005,409898,Divier,Ishibashi,Development
d003,410028,Xiadong,McClurg,Human Resources
d005,410372,Duri,Mitina,Development
d004,410433,Kazuhisa,Riesenhuber,Production
d005,410616,Gudjon,Kalorkoti,Development
d004,410804,Ronnie,Denos,Production
d006,410881,Koichi,Grabner,Quality Management
d005,411070,Otmar,Brandsma,Development
d004,411082,Martine,Cangellaris,Production
d001,411143,Goncalo,Barbanera,Marketing
d004,412404,Mitsuyuki,Jeansoulin,Production
d005,412757,Leen,Peak,Development
d008,413098,Hsiangchu,Taubenfeld,Research
d007,413205,Mototsugu,Prampolini,Sales
d002,413666,Remco,Duclos,Finance
d005,413729,Harjit,Ernst,Development
d009,413831,Mohamadou,Grabner,Customer Service
d003,413832,Marco,Jahnichen,Human Resources
d009,414027,Tadanori,Msuda,Customer Service
d005,414091,Wuxu,Kuhnemann,Development
d004,414543,Bernd,Anick,Production
d005,414551,Elliott,Copas,Development
d005,414662,Ipke,Schneeberger,Development
d008,414714,Chinho,Delgrande,Research
d005,414814,Dayanand,Wielonsky,Development
d007,414897,Juyoung,Willoner,Sales
d004,415187,Juyoung,Peltason,Production
d004,415338,Shigeo,Emmart,Production
d001,415363,Conal,Shackell,Marketing
d005,415563,Mrinalini,Bierbaum,Development
d005,416074,Alain,Lieberherr,Development
d005,416383,Nectarios,Itschner,Development
d007,416420,Adamantios,Heemskerk,Sales
d005,416492,Kannan,Meriste,Development
d005,416660,Nathalie,Luke,Development
d004,416720,Tokuyasu,Xiaoshan,Production
d001,416877,Gio,Orsini,Marketing
d004,416892,Shooichi,Vandervoorde,Production
d007,417435,Bouchung,Zaumen,Sales
d004,418239,Josyula,Motley,Production
d001,418247,Oscar,Oppitz,Marketing
d004,418298,Arvin,Pusterhofer,Production
d004,418309,Danel,Petereit,Production
d004,418380,Kazuhiko,Gornas,Production
d004,418566,Kazuhide,Snedden,Production
d004,418606,Michaela,Otillio,Production
d007,418717,Arunachalam,Magliocco,Sales
d001,418860,Ymte,Dalton,Marketing
d007,419099,Heon,Broomell,Sales
d001,419953,Ung,Orlowski,Marketing
d005,420086,Susuma,Kitsuregawa,Development
d009,420476,Mariangiola,Bolsens,Customer Service
d007,420557,Mabhin,Eastman,Sales
d008,420694,Frazer,Barbanera,Research
d001,420732,Willard,Morrin,Marketing
d007,420759,Raimond,Solovay,Sales
d007,420765,Shawna,Krider,Sales
d002,420877,Khosrow,Erez,Finance
d007,421022,Shigeaki,Butner,Sales
d007,421033,Garnik,Randt,Sales
d007,421074,Zhaofang,Falster,Sales
d005,421312,Mariangiola,Bashian,Development
d003,421384,Renny,Bednarek,Human Resources
d004,421755,Shichao,Thiria,Production
d005,422146,Kenton,Miara,Development
d004,422783,Jagoda,Uhrig,Production
d007,423038,Takushi,Strehl,Sales
d007,423204,Uma,Stranks,Sales
d005,423208,Joydip,Krone,Development
d002,423214,Tsutomu,Tetzlaff,Finance
d007,423327,Constantijn,Lichtman,Sales
d007,423350,Heping,Monarch,Sales
d005,423633,Mariusz,Tokunaga,Development
d005,423993,Seshu,Kolvik,Development
d005,424569,Danco,Luff,Development
d005,424584,Kagan,Dredge,Development
d002,424685,Changho,Veevers,Finance
d007,424797,Theron,Itschner,Sales
d007,424805,Jacqueline,Zallocco,Sales
d003,424930,Xuejun,Reeker,Human Resources
d005,424984,Vasilis,Waleschkowski,Development
d005,425437,Moni,Staudhammer,Development
d001,425535,Alagu,Vieri,Marketing
d002,425540,Paddy,Zumaque,Finance
d009,425757,Yongdong,Jiang,Customer Service
d007,425780,Paris,Range,Sales
d005,425830,Guther,Conia,Development
d007,425875,Jahangir,Kroft,Sales
d007,426153,Shahaf,Luce,Sales
d002,426168,Kaijung,Mateescu,Finance
d005,426228,Supot,Badache,Development
d003,426235,Danco,Rajala,Human Resources
d004,426644,Zejun,Broomell,Production
d004,426706,Karsten,Kawashima,Production
d009,426795,Huican,Lunn,Customer Service
d009,426818,Gaurav,Fendler,Customer Service
d004,426819,Sandeepan,Kulisch,Production
d007,426824,Gopalakrishnan,Mawatari,Sales
d004,426958,Weijing,Viele,Production
d008,427313,Utpal,Kemmerer,Research
d005,427320,Mamdouh,Ramamoorthy,Development
d009,427332,Feiyu,Hemaspaandra,Customer Service
d005,427571,Torsten,Ranta,Development
d002,427776,Jaques,Navazio,Finance
d002,427805,Haldun,Compeau,Finance
d009,427823,Jaques,Gecsei,Customer Service
d004,427852,Adil,Kieras,Production
d003,428082,Ronghao,Alpin,Human Resources
d001,428160,Jamaludin,Kalorkoti,Marketing
d002,428195,Hatsukazu,Rosca,Finance
d007,428219,Ghassan,Androutsos,Sales
d005,428917,Theron,Billawala,Development
d006,429087,Hugh,Senzako,Quality Management
d007,429231,Kazuyasu,Schmiedel,Sales
d007,429238,Mona,Luck,Sales
d005,429249,Alassane,Wolniewicz,Development
d002,429316,Seshu,Hiraishi,Finance
d007,429381,Limsoon,Roohalamini,Sales
d005,429481,Subhada,Emmerich,Development
d006,429520,Yongqiao,Francisci,Quality Management
d007,429532,Bartek,Vendrig,Sales
d005,429569,Fumiya,Chappelet,Development
d003,429703,Ung,Honglei,Human Resources
d001,429899,Ranan,Marsiglia,Marketing
d007,429954,Renny,Gladwell,Sales
d005,430054,Erzsebet,Setiz,Development
d006,430558,Xiong,Roisin,Quality Management
d009,430593,Janalee,Lanzelotte,Customer Service
d005,430631,Kersti,Marsiglia,Development
d004,430891,Khalil,Gien,Production
d002,431576,Masamitsu,Back,Finance
d005,431657,Visit,Thiran,Development
d005,431882,Hideo,Varman,Development
d005,431887,Poorav,Ranst,Development
d007,432031,Adamantios,Matzat,Sales
d001,432034,Arfst,Uehara,Marketing
d009,432121,Alair,Straney,Customer Service
d004,432257,Kwangjo,Hiltgen,Production
d005,432261,Arve,Bergere,Development
d004,432399,Nitsan,Nollmann,Production
d005,432523,Takahiro,Maquelin,Development
d005,432665,Flemming,Driscoll,Development
d005,432787,Toshiko,Ibel,Development
d001,432956,Qunsheng,Birrer,Marketing
d007,433059,Bojan,Montresor,Sales
d007,433157,Tomofumi,Serna,Sales
d006,433260,Make,Olivero,Quality Management
d008,433438,Keiichiro,Miyakawa,Research
d007,434845,Takushi,Skogmar,Sales
d005,434936,Sahrah,Rosis,Development
d007,435042,Brigham,Borstler,Sales
d007,435060,Moie,Lieblein,Sales
d001,435181,Kazuhide,Fiutem,Marketing
d001,435289,Feixiong,Schurmann,Marketing
d007,435305,Berthier,Pramanik,Sales
d007,435370,Conal,Basart,Sales
d003,435588,Genta,Pepe,Human Resources
d007,435602,Dietrich,Kranzdorf,Sales
d007,435774,Olivera,Bharadwaj,Sales
d006,435791,Hercules,Speer,Quality Management
d005,436558,Subir,Greibach,Development
d002,436797,Ohad,Henders,Finance
d003,436827,Wojceich,Limongiello,Human Resources
d008,436915,Feixiong,Haraldson,Research
d002,437276,Dines,DeMori,Finance
d007,437369,Kazuhide,Biran,Sales
d001,437395,Sumant,Thambidurai,Marketing
d003,437724,Erez,Luft,Human Resources
d005,437870,Kerhong,Lorho,Development
d001,438038,Lena,Giaccio,Marketing
d009,438264,Rasikan,Barreiro,Customer Service
d005,438557,Lidong,Swist,Development
d005,439377,Mari,Plessier,Development
d009,439905,Kousuke,Levasseur,Customer Service
d002,439924,Gunilla,Kisuki,Finance
d007,440325,Douadi,Sullins,Sales
d005,440435,Sandeepan,Rosti,Development
d003,440450,Tzvetan,Scharstein,Human Resources
d007,440642,Snehasis,Kalsbeek,Sales
d001,440870,Filipp,Hasham,Marketing
d008,440937,Fabrizio,Usery,Research
d007,441197,Miquel,Legleitner,Sales
d004,441536,Chinho,Collette,Production
d004,441954,Leszek,Marchegay,Production
d008,441965,Claudi,Heijenga,Research
d007,442002,Ravishankar,Baig,Sales
d004,442096,Martijn,DiGiano,Production
d004,442312,Zengping,Cusworth,Production
d004,442490,Navid,Luke,Production
d005,442653,Mona,Hebden,Development
d008,442700,Siddarth,Masada,Research
d004,442898,Aksel,Gire,Production
d002,443108,Christfried,Atrawala,Finance
d008,443485,Marke,Klerer,Research
d007,443841,Shaw,Kading,Sales
d001,443873,Vatsa,Ramsay,Marketing
d009,444070,Heping,Skrikant,Customer Service
d007,444099,Kousuke,Worfolk,Sales
d007,444208,Irena,Cesareni,Sales
d004,444465,Prasadram,Bultermann,Production
d005,444487,Udi,Rullman,Development
d008,444643,Berna,Schonegge,Research
d006,445067,Eldridge,Kawashima,Quality Management
d008,445152,Heping,Peac,Research
d004,445226,Oscar,Baumann,Production
d005,445570,Van,Nations,Development
d004,445723,Gaurav,Roison,Production
d004,445941,Masako,Dechter,Production
d006,445950,Ebru,Valtorta,Quality Management
d007,446121,Fay,Cochrane,Sales
d004,446306,Hercules,Kabayashi,Production
d005,446424,DAIDA,Nooteboom,Development
d004,446897,Takahiro,Dalton,Production
d005,446959,Aram,Passino,Development
d004,447018,Dannz,Miara,Production
d003,447135,Gennady,Rouquie,Human Resources
d007,447232,Aleksander,Schaaf,Sales
d008,447376,Kirk,Zongker,Research
d007,447544,Stabislas,Kakkad,Sales
d005,447613,Paris,Restivo,Development
d006,447877,Make,Heuser,Quality Management
d007,447931,Martijn,Jeong,Sales
d004,447966,Kamakshi,Hebert,Production
d004,447982,Shiv,Baezner,Production
d005,447999,Shiv,Vilarrasa,Development
d004,448769,Mong,Dichev,Production
d007,448900,Mart,Talmor,Sales
d004,448918,Chiradeep,Arlazarov,Production
d002,448994,Haldun,Syang,Finance
d007,449189,Jahangir,Bernatsky,Sales
d008,449815,Fumitaka,Quittner,Research
d005,449984,Hinrich,Perin,Development
d005,450184,Selwyn,Henseler,Development
d005,450255,Udo,Waymire,Development
d006,450309,Gill,Orlowska,Quality Management
d002,450475,Saeed,Bahl,Finance
d006,450817,DAIDA,Frolund,Quality Management
d007,450888,Sedat,Rande,Sales
d004,450934,Chanjung,Raoux,Production
d002,450936,Yuriy,Ponthieu,Finance
d007,451253,Jaihie,Ozeri,Sales
d005,451272,Jacopo,Krohm,Development
d008,451275,Bedrich,Isard,Research
d003,451333,Radhika,Bonifati,Human Resources
d004,452137,Subir,Miake,Production
d007,452206,Arra,Esposito,Sales
d005,452325,Taiji,Berstel,Development
d007,452347,Shigeichiro,Brattka,Sales
d005,452365,Fei,Gadepally,Development
d004,452956,Gou,Thombley,Production
d007,452957,Alair,Nanard,Sales
d001,452982,Lobel,Aloia,Marketing
d003,453070,Aran,Rosenbaum,Human Resources
d009,453154,Gao,Lally,Customer Service
d001,453644,Berni,Takkinen,Marketing
d006,453688,Chinya,Leslie,Quality Management
d004,453723,Arne,Kohling,Production
d009,453760,Ewing,Rajala,Customer Service
d005,453790,Fai,Keirsey,Development
d001,453913,Stein,Perng,Marketing
d006,454338,Mohammed,Georg,Quality Management
d004,454378,Gina,Ossenbruggen,Production
d005,454736,Nechama,Ermel,Development
d004,454791,Xiaoqiu,Pietracaprina,Production
d004,454825,Kamakshi,Schusler,Production
d004,454994,Mohan,Picht,Production
d001,455175,Soenke,Zaumen,Marketing
d006,455284,Luisa,Baig,Quality Management
d007,455726,Qiwen,Kriebel,Sales
d004,455814,Giao,DuCasse,Production
d005,455914,Peer,Angelopoulos,Development
d007,456767,Tetsurou,Schreiter,Sales
d005,456982,Shounak,Dratva,Development
d003,457070,Gay,Plavsic,Human Resources
d008,457146,Jinpo,Heyers,Research
d007,457305,Sorina,Lakshmanan,Sales
d006,457337,Xumin,Beidas,Quality Management
d005,457411,Xudong,Peck,Development
d004,457489,Berna,Ranst,Production
d005,457611,Indrajit,Krogh,Development
d004,457776,Florian,Siepmann,Production
d004,457813,Foong,Gargeya,Production
d005,457832,Jackson,Zielinski,Development
d001,457938,Arch,Picco,Marketing
d004,458111,Florian,Tramer,Production
d003,458134,Thanasis,Standera,Human Resources
d008,458191,George,Atchley,Research
d005,458383,Mabhin,Foote,Development
d009,458726,Shahaf,Kitai,Customer Service
d004,458790,Ramya,Azadmanesh,Production
d005,459172,Val,Rissanen,Development
d005,459356,Pramod,Wendorf,Development
d007,459429,Mohit,Verhaegen,Sales
d006,459685,Hirochika,Goldhammer,Quality Management
d007,460131,Adly,Hambrick,Sales
d003,460691,Munehiko,Gihr,Human Resources
d005,460707,Yoshinari,Lanteri,Development
d007,460920,Remzi,Mitzlaff,Sales
d008,461120,Shietung,Gelosh,Research
d007,461270,Mrinalini,Mawatari,Sales
d009,461801,Sumali,Cooman,Customer Service
d006,462493,Paloma,Gerlach,Quality Management
d008,462795,Somnath,Cummings,Research
d001,463023,Itzchak,Penn,Marketing
d002,463099,Jinxi,Schmiedel,Finance
d004,463212,Ramya,Rossi,Production
d004,463472,Jaber,Sethi,Production
d003,463495,Alenka,Barriga,Human Resources
d007,464284,Huiqun,Henders,Sales
d009,464303,Abdelghani,Nyrup,Customer Service
d004,465062,Stafford,Gist,Production
d004,465076,Tokuyasu,Ghelli,Production
d009,465085,Vidar,Gunderson,Customer Service
d001,465409,Shahid,Varman,Marketing
d003,465501,Mrinalini,Gire,Human Resources
d005,465711,Lakshmi,Frijda,Development
d003,465853,Kwan,Kampfer,Human Resources
d004,465874,Herb,Picht,Production
d007,466064,Temple,Danlos,Sales
d009,466367,Hiroyasu,Strandh,Customer Service
d005,466509,Bezalel,Verhoeff,Development
d001,466603,Yechezkel,Nourani,Marketing
d003,466745,Boalin,Birsak,Human Resources
d003,467176,Przemyslawa,Borovoy,Human Resources
d005,467269,Nahum,Lambe,Development
d004,467392,Mariusz,Rikino,Production
d004,467441,Margareta,Bondorf,Production
d001,467591,Kiyotoshi,Hennebert,Marketing
d001,467886,Sivanarayana,Chandrasekhar,Marketing
d009,467918,Tsuneo,Skrikant,Customer Service
d005,468360,Huei,Saoudi,Development
d004,468417,Kamakshi,Huhdanpaa,Production
d005,468659,Ranga,Lemarechal,Development
d006,468773,Baziley,Brookner,Quality Management
d004,469104,Nadjib,Comellas,Production
d005,469253,Baruch,Basawa,Development
d004,469269,Weiyi,Codenie,Production
d006,469366,Aiman,Wilfing,Quality Management
d005,469399,Hongzhu,Ruemmler,Development
d008,469527,Halsur,Ibel,Research
d006,469529,Neven,Rikino,Quality Management
d005,469735,Arif,Stranks,Development
d008,469867,Hein,Jonsson,Research
d007,470456,Reuven,Oehlmann,Sales
d005,470472,Zhiguo,Staudhammer,Development
d005,471397,Nigel,Zirintsis,Development
d005,471532,Feiyu,Decleir,Development
d002,471552,Basem,Lortz,Finance
d006,471911,Arun,Zaccaria,Quality Management
d004,471939,Kazuhiko,Marshall,Production
d005,472052,Godehard,Chinal,Development
d007,472143,Yahiko,Sommen,Sales
d004,472238,Jungsoon,Gubsky,Production
d005,472790,Zhenbing,Ibel,Development
d004,472950,Weidon,Fordan,Production
d007,473268,Hugo,Sgarro,Sales
d007,473299,Khaled,Penn,Sales
d008,473490,Pantung,Reeker,Research
d004,473940,Avishai,Majewski,Production
d003,474331,Sugwoo,Eugenio,Human Resources
d005,474763,Mayuko,Clouatre,Development
d004,474796,Zongyan,Shackel,Production
d004,475087,Genevieve,Snedden,Production
d004,475258,Fumiyo,Feinberg,Production
d003,475538,Christophe,Leaver,Human Resources
d005,475938,Shigeaki,Lanteri,Development
d005,475965,Rimon,Pietracaprina,Development
d008,476055,Girolamo,Schlumberger,Research
d004,476122,Khun,Spieker,Production
d004,476327,Reinhold,Binkley,Production
d005,476361,Doohun,Preusig,Development
d007,477350,Terresa,Vigier,Sales
d005,477578,Marit,Paludetto,Development
d005,477969,Bluma,Mundy,Development
d004,478007,Fumino,Narahara,Production
d005,478170,Doowon,Schoegge,Development
d005,478218,Djenana,Erol,Development
d005,478439,Yuichiro,Bale,Development
d004,478768,Arun,Katzenelson,Production
d001,478799,Shaw,Borovoy,Marketing
d004,478833,Pradeep,Valiente,Production
d009,478858,Hidekazu,Perna,Customer Service
d004,479024,Ewing,Kalorkoti,Production
d004,479407,Randi,Tomescu,Production
d008,479601,Kayoko,Bahi,Research
d001,479695,Masamitsu,Murrill,Marketing
d008,480035,Sukumar,Georg,Research
d006,480066,Suebskul,Menhardt,Quality Management
d008,480178,Uinam,Rahier,Research
d005,480268,Gaurav,Cheshire,Development
d005,480407,Deniz,Bennis,Development
d003,481050,Weiru,Burnard,Human Resources
d007,481213,Shigehiro,Haldar,Sales
d004,481397,Luisa,Chelton,Production
d004,481764,Teiji,Marrakchi,Production
d005,481790,Haldun,Erie,Development
d005,482335,Kwangyoen,Peck,Development
d008,482354,Jayson,Zockler,Research
d001,482755,Jouni,Conia,Marketing
d004,482885,Shaunak,Brizzi,Production
d002,482905,Aral,Hebden,Finance
d007,482944,Duke,Journel,Sales
d007,483401,Rosita,Pokrovskii,Sales
d004,483675,Hausi,Kamber,Production
d004,483825,Marek,Mitchem,Production
d004,483838,Sham,Kavanagh,Production
d007,483978,Dung,Tanemo,Sales
d003,484126,Manton,Lueh,Human Resources
d003,484142,Perry,Cooman,Human Resources
d004,484498,Herbert,Hammerschmidt,Production
d005,484756,Phule,Ruemmler,Development
d009,485253,Gladys,Parhami,Customer Service
d005,485489,Keiichiro,Armand,Development
d005,485577,Rafael,Menhoudj,Development
d005,485579,Munehiro,Iwayama,Development
d008,485799,Yoshimitsu,Litvinov,Research
d004,485817,Mahmut,Bolotov,Production
d003,486068,Yefim,Bernardeschi,Human Resources
d006,486808,Geoffrey,Siochi,Quality Management
d007,486918,Yagil,Remmers,Sales
d004,486956,Matt,Ruemmler,Production
d005,486958,Tonny,Kropf,Development
d007,487008,Zhigen,Raney,Sales
d008,487505,Uno,Jayawardene,Research
d003,487988,Ekawit,Schaft,Human Resources
d009,488095,Francoise,Hegner,Customer Service
d007,488142,Denis,Narlikar,Sales
d005,488482,Kensyu,Tsunoo,Development
d002,488540,Breannda,Maquelin,Finance
d004,488619,Georgy,Bennis,Production
d005,488693,Jiong,Zultner,Development
d007,488707,Mihalis,Remmers,Sales
d001,488752,Nimmagadda,Baja,Marketing
d009,488788,Wuxu,Garigliano,Customer Service
d002,488984,Kendra,Junet,Finance
d002,489755,Matk,Chorvat,Finance
d002,489756,Kersti,Miculan,Finance
d005,489928,Satoru,Janetzko,Development
d005,490551,Lalit,Lindqvist,Development
d004,490557,Luise,Vigier,Production
d005,490568,Zita,Reistad,Development
d004,490720,Younwoo,Samarati,Production
d005,491079,Kwangsub,Keirsey,Development
d005,491162,Panayotis,Hempstead,Development
d007,491478,Gill,Varman,Sales
d004,491596,Charmane,Pargas,Production
d009,491632,Gadiel,Perly,Customer Service
d003,492000,Valeska,Cools,Human Resources
d009,492052,Udo,Ratnakar,Customer Service
d005,492217,Heekeun,Verhaegen,Development
d005,492639,Sanjoy,Porenta,Development
d004,492677,Goetz,McAffer,Production
d009,493031,Hironoby,Jakobus,Customer Service
d007,493048,Muzhong,Berztiss,Sales
d005,493096,Sachem,Msuda,Development
d004,493744,Leni,Kropatsch,Production
d001,494019,Morrie,Iisaku,Marketing
d004,494088,Phule,Dahlbom,Production
d001,494493,Masasuke,Koprowski,Marketing
d007,494995,Yongmao,Pouyioutas,Sales
d009,496100,Pranjal,Reinhard,Customer Service
d004,496970,Giordano,Maquelin,Production
d001,496978,Danco,Debuse,Marketing
d004,497007,Oldrich,Adachi,Production
d005,497174,Sanjiv,Bressoud,Development
d001,497340,Fayez,Keohane,Marketing
d006,497391,Paris,Lieblein,Quality Management
d004,497835,Shuho,Laurillard,Production
d005,498185,Caolyn,Marciano,Development
d007,498337,Naraig,Docker,Sales
d009,498456,Geraldo,Gerteisen,Customer Service
d007,498635,Florian,Pezzoli,Sales
d008,498838,Sanjay,Ciolek,Research
d005,498845,Arumugam,Pelc,Development
d004,498955,Nechama,Kandlur,Production
d001,499194,Padma,Delgrange,Marketing
d004,499260,Danae,Honglei,Production
d005,499495,Baoqiu,Kakkar,Development
